metric,unit,demo@local,pilot@aws_do,pilot@r2_do,scale@aws_do,scale@r2_do
audio_delivery_tb,TB/month,0.009,0.432,0.432,5.760,5.760
video_delivery_tb,TB/month,0.000,0.563,0.563,5.625,5.625
formula_delivery_tb,TB/month,0.009,0.995,0.995,11.385,11.385
billed_delivery_tb,TB/month,0.009,1.095,1.095,12.539,12.539
storage_audio_masters_gb,GB,46.9,51.5,51.5,211.7,211.7
storage_audio_delivery_gb,GB,4.1,4.1,4.1,33.2,33.2
storage_video_masters_gb,GB,0.0,324.0,324.0,1296.0,1296.0
storage_video_renditions_gb,GB,0.0,134.5,134.5,537.8,537.8
storage_retired_versions_gb,GB,0.1,3.5,3.5,14.3,14.3
storage_derived_gb,GB,1.0,1.0,1.0,2.9,2.9
storage_replication_extra_gb,GB,0.0,0.0,0.0,0.0,0.0
storage_master_backups_gb,GB,0.0,375.5,375.5,1507.7,1507.7
storage_db_and_backups_gb,GB,8.0,16.0,16.0,80.0,80.0
storage_logs_gb,GB,0.0,0.6,0.6,5.5,5.5
storage_observability_gb,GB,5.0,10.0,10.0,20.0,20.0
storage_total_gb,GB,65.1,920.5,920.5,3709.1,3709.1
get_requests_month,requests/month,1400,370000,370000,3700000,3700000
put_requests_month,requests/month,440,6380,6380,25080,25080
cpu_hours_audio,CPU-hours/month,0.3,0.3,0.3,2.6,2.6
cpu_hours_transcription,CPU-hours/month,6.6,6.6,6.6,26.4,26.4
cpu_hours_video,CPU-hours/month,0.0,19.8,19.8,79.2,79.2
instance_hours,hours/month,0.9,3.3,3.3,13.5,13.5
laptop_worker_wall_hours,hours/month,1.7,6.7,6.7,27.1,27.1
people_hours_month,hours/month,43,63,63,140,140
cost_storage,USD/month,0.00,21.17,13.81,85.31,55.64
cost_egress,USD/month,0.00,98.59,0.00,1128.47,0.00
cost_edge,USD/month,0.00,unknown,unknown,unknown,unknown
cost_requests,USD/month,0.00,0.18,0.16,1.61,1.44
cost_batch_compute,USD/month,0.00,0.84,0.84,3.38,3.38
cost_cluster_nodes,USD/month,0.00,144.00,144.00,144.00,144.00
cost_control_plane,USD/month,0.00,unknown,unknown,unknown,unknown
cost_contingency,USD/month,0.00,52.96,31.76,272.55,40.89
cost_people,USD/month,0.00,unknown,unknown,unknown,unknown
cost_total_known,USD/month,0.00,317.73,190.57,1635.31,245.36
cost_unknown_components,components,none,edge control_plane people,edge control_plane people,edge control_plane people,edge control_plane people
oneoff_import_cpu_hours,CPU-hours,21.0,105.0,105.0,525.0,525.0
oneoff_migration_gb,GB,65.1,920.5,920.5,3709.1,3709.1
oneoff_migration_egress_cost,USD,0.00,82.85,0.00,333.81,0.00
